item,qty,spec,supplier,unit_cost_usd,make_buy,notes
1 Levelling pads,26,"200 x 150 x 10 mm steel plate, S275, with 1 and 2 mm steel shims; laid on a thin lime-sand bed every 1.0 m along each wall top; about 2.4 kg each",Local steel stockist,3.50,make,Model mass x USD 1.30/kg plus shims; KND-DDR-002
2 Track modules with fishplates,8,"UPN 80 channel 3,000 mm lying flanges down with a 20 mm round bar welded along the web centre as the rail; 6 x 30 x 200 mm fishplates with slotted holes and 2 x M12 bolts at each joint; 6 mm expansion gap; S275; about 33 kg each",Local steel stockist,46.00,make,Model mass x USD 1.30/kg plus fishplates and bolts; four per wall for a 12 m demonstration run
3 Track end stops,4,"Welded box of 8 mm plate 60 x 80 x 200 mm bolted through the channel web with 2 x M12 at each end of each track; rubber face; about 7.5 kg each",Local steel stockist,12.00,make,Model mass x USD 1.30/kg plus bolts
4 End trucks,2,"RHS 100 x 50 x 4 mm, 1,400 mm long, with 8 mm wheel fork plates, 10 mm seat plates for the truss feet, 6 mm derailment guards either side of the track, two rubber buffers and a 32 mm hole for the line shaft; the outer truck also carries a 4 mm chequer plate boarding step; about 38 kg (outer) and 26 kg (inner)",Local steel stockist; rubber buffers from a hardware store,58.00,make,Average of USD 66 (outer) and USD 50 (inner); KND-DDR-002
5 Track wheels,4,"100 mm U-groove steel wheel with sealed ball bearings and a 20 mm axle, rated at least 500 kg; 24 mm groove for the two outer-wall wheels, 44 mm groove for the two inner-wall wheels; two axles long enough to carry a drive sprocket",Sliding gate hardware supplier,30.00,buy,Regional retail estimate for a heavy-duty gate wheel; worst wheel load about 450 kg (KND-CAL-001)
6 Side truss modules,8,"Welded truss 1,725 mm long and 1,183 mm tall: SHS 40 x 40 x 3 bottom chord and top chord (the top rail), SHS 40 x 40 x 4 end verticals, SHS 30 x 30 x 3 diagonal and knee rail, 2 mm toe board, 8 mm bearer cleats; side B modules carry two carriage rail brackets; end modules carry a 10 mm foot plate; 6 x M12 bolts per splice; S275; about 37 to 39 kg each",Local steel stockist,54.00,make,Model mass x USD 1.30/kg plus splice bolts; KND-DDR-002
7 Cross bearers,9,"Five frame bearers RHS 60 x 40 x 4 mm with 8 mm end plates bolted to the cleats with 4 x M12 (moment joints at the ends and splices) and four panel bearers SHS 40 x 40 x 3 mm with 2 x M10; 1,064 mm long; S275",Local steel stockist,10.33,make,"5 x USD 13 plus 4 x USD 7, averaged"
8 Insulated floor panels,8,"About 860 x 1,070 mm: 40 x 40 x 4 angle edge frame, 2 mm steel tread sheet with light grey anti-slip coating on top, 37 mm calcium silicate board inside, 1 mm aluminium sheet underneath as a radiation shield; about 30 kg each",Local steel stockist; insulation supplier (calcium silicate); aluminium sheet from a metals trader,68.00,make,USD 30 steel + USD 25 board + USD 10 aluminium + USD 3 coating; board compressive strength to confirm
9 End rail and gate,1,"Inner end rail: two posts, top rail SHS 40 x 40 x 3, knee rail and toe plate, bolted to the truss end verticals. Outer end gate: same posts with a 30 x 30 x 3 gate leaf, two self-closing spring hinges, gravity latch, opening inward onto the deck; about 40 kg together",Local steel stockist; spring hinges and latch from a hardware store,81.00,make,USD 25 inner rail + USD 56 gate
10 Travel drive,1,"25 mm bright steel line shaft 6.8 m in three lengths with two rigid couplings, five UCP205 pillow blocks on hangers, two end chain drives (ISO 08B-1 chain, 15-tooth sprockets) with 2 mm sheet guards, a 320 mm hand wheel with a 12-hole rim, a sealed chain case down through the floor and a spring lock pin",Bearing and transmission supplier; local steel stockist,248.00,make,Shaft USD 42 + couplings USD 16 + blocks USD 50 + chain USD 24 + six sprockets USD 54 + hand wheel USD 35 + case and guards USD 15 + lock pin USD 12
11 Carriage rail with brackets,1,"Four lengths of SHS 40 x 40 x 3 mm on 6 mm shelf brackets on the side B truss verticals, top 750 mm above the floor; welded end stops at the carriage travel limits",Local steel stockist,40.00,make,Model mass x USD 1.30/kg plus bolts
12 Hopper carriage frame,1,"SHS 30 x 30 x 3 posts, cross members and crank post; two 60 mm double-flanged wheels on the carriage rail; two 40 mm guide rollers on the outer face of the bottom chord; hopper brackets, housing shelf and a screw clamp onto the rail",Local steel stockist; wheels and rollers from a bearing supplier,46.00,make,USD 11 steel + USD 18 wheels + USD 12 rollers + USD 5 clamp
13 Fuel hopper,1,"About 50 litres: 2 mm steel sheet, 450 x 450 mm top, 150 mm straight, tapered 270 mm to a 200 x 150 mm outlet; bar grille across the top at 50 mm pitch; about 14 kg",Local steel stockist,23.00,make,Model mass x USD 1.30/kg plus welding
14 Metering rotor housing and crank,1,"Four-pocket rotor 160 mm diameter, 200 mm long on a 20 mm shaft in two flange bearings, inside a welded 4 mm housing; ISO 08B-1 chain and two sprockets up to a 20 mm crank shaft over the guardrail; 140 mm crank with a handle; sheet chain guard",Local steel stockist; bearing and transmission supplier,78.00,make,USD 26 steel + USD 16 bearings + USD 28 chain and sprockets + USD 8 guard and handle
15 Swing spout,1,"100 x 3 mm steel tube about 700 mm long, leaning outward 300 mm, welded to a turned collar that swivels under the rotor housing outlet",Local steel stockist; local machine shop (collar),20.00,make,USD 10 steel + USD 10 turning
16 Heat-resistant grip sleeves,11,"Silicone rubber sleeve for a 40 mm square top rail, 3 mm wall, rated to 200 C; sold by the metre",Industrial rubber supplier,9.00,buy,Regional estimate per metre; between the verticals on both top rails
17 Fasteners paint and consumables,1,"M10 and M12 grade 8.8 bolts, nuts and washers for every joint; E6013 electrodes; zinc primer and heat-resistant topcoat; cutting discs",Hardware store,180.00,buy,Not modelled; regional estimate
